{
    "$schema": "http://schema.management.azure.com/schemas/2015-01-01/deploymentTemplate.json#",
    "contentVersion": "1.0.0.0",
    "parameters": {
        "factoryName": {
            "type": "string",
            "metadata": "Data Factory name",
            "defaultValue": "CovRepoAdf"
        }
    },
    "variables": {
        "factoryId": "[concat('Microsoft.DataFactory/factories/', parameters('factoryName'))]"
    },
    "resources": [
        {
            "name": "[concat(parameters('factoryName'), '/pl_ingest_population_data')]",
            "type": "Microsoft.DataFactory/factories/pipelines",
            "apiVersion": "2018-06-01",
            "properties": {
                "activities": [
                    {
                        "name": "check if file exists",
                        "type": "Validation",
                        "dependsOn": [],
                        "userProperties": [],
                        "typeProperties": {
                            "dataset": {
                                "referenceName": "ds_population_raw_gz",
                                "type": "DatasetReference",
                                "parameters": {}
                            },
                            "timeout": "0.00:00:30",
                            "sleep": 10,
                            "minimumSize": 1024
                        }
                    },
                    {
                        "name": "Get Metadata of file",
                        "type": "GetMetadata",
                        "dependsOn": [
                            {
                                "activity": "check if file exists",
                                "dependencyConditions": [
                                    "Succeeded"
                                ]
                            }
                        ],
                        "policy": {
                            "timeout": "0.12:00:00",
                            "retry": 0,
                            "retryIntervalInSeconds": 30,
                            "secureOutput": false,
                            "secureInput": false
                        },
                        "userProperties": [],
                        "typeProperties": {
                            "dataset": {
                                "referenceName": "ds_population_raw_gz",
                                "type": "DatasetReference",
                                "parameters": {}
                            },
                            "fieldList": [
                                "columnCount",
                                "exists",
                                "size"
                            ],
                            "storeSettings": {
                                "type": "AzureBlobStorageReadSettings",
                                "recursive": true,
                                "enablePartitionDiscovery": false
                            },
                            "formatSettings": {
                                "type": "DelimitedTextReadSettings"
                            }
                        }
                    },
                    {
                        "name": "If column count matches",
                        "type": "IfCondition",
                        "dependsOn": [
                            {
                                "activity": "Get Metadata of file",
                                "dependencyConditions": [
                                    "Succeeded"
                                ]
                            }
                        ],
                        "userProperties": [],
                        "typeProperties": {
                            "expression": {
                                "value": "@equals(activity('Get Metadata of file').output.columnCount, 13)",
                                "type": "Expression"
                            },
                            "ifFalseActivities": [
                                {
                                    "name": "if count doesnt match",
                                    "type": "Fail",
                                    "dependsOn": [],
                                    "userProperties": [],
                                    "typeProperties": {
                                        "message": "column count is not equaol to 13",
                                        "errorCode": "check the column count"
                                    }
                                },
                                {
                                    "name": "send an email",
                                    "description": "activity failed",
                                    "type": "WebActivity",
                                    "dependsOn": [
                                        {
                                            "activity": "if count doesnt match",
                                            "dependencyConditions": [
                                                "Succeeded",
                                                "Failed"
                                            ]
                                        }
                                    ],
                                    "policy": {
                                        "timeout": "0.12:00:00",
                                        "retry": 0,
                                        "retryIntervalInSeconds": 30,
                                        "secureOutput": false,
                                        "secureInput": false
                                    },
                                    "userProperties": [],
                                    "typeProperties": {
                                        "url": "https://mail.google.com/mail/u/0/#inbox?compose=GTvVlcSMSqJlMRwQrBmQVCQDhqRFlmDnDvVddvsrnhSDpxztfkqzjHXkXCLlvqcGPFMPkbsHtQqCL",
                                        "method": "POST",
                                        "headers": {},
                                        "body": "activity failed"
                                    }
                                }
                            ],
                            "ifTrueActivities": [
                                {
                                    "name": "Copy population data_copy1",
                                    "type": "Copy",
                                    "dependsOn": [],
                                    "policy": {
                                        "timeout": "0.00:10:00",
                                        "retry": 0,
                                        "retryIntervalInSeconds": 30,
                                        "secureOutput": false,
                                        "secureInput": false
                                    },
                                    "userProperties": [],
                                    "typeProperties": {
                                        "source": {
                                            "type": "DelimitedTextSource",
                                            "storeSettings": {
                                                "type": "AzureBlobStorageReadSettings",
                                                "recursive": true,
                                                "enablePartitionDiscovery": false
                                            },
                                            "formatSettings": {
                                                "type": "DelimitedTextReadSettings"
                                            }
                                        },
                                        "sink": {
                                            "type": "DelimitedTextSink",
                                            "storeSettings": {
                                                "type": "AzureBlobFSWriteSettings"
                                            },
                                            "formatSettings": {
                                                "type": "DelimitedTextWriteSettings",
                                                "quoteAllText": true,
                                                "fileExtension": ".txt"
                                            }
                                        },
                                        "enableStaging": false,
                                        "translator": {
                                            "type": "TabularTranslator",
                                            "typeConversion": true,
                                            "typeConversionSettings": {
                                                "allowDataTruncation": true,
                                                "treatBooleanAsNumber": false
                                            }
                                        }
                                    },
                                    "inputs": [
                                        {
                                            "referenceName": "ds_population_raw_gz",
                                            "type": "DatasetReference",
                                            "parameters": {}
                                        }
                                    ],
                                    "outputs": [
                                        {
                                            "referenceName": "ds_population_raw_tsv",
                                            "type": "DatasetReference",
                                            "parameters": {}
                                        }
                                    ]
                                },
                                {
                                    "name": "Deletesource file",
                                    "type": "Delete",
                                    "dependsOn": [
                                        {
                                            "activity": "Copy population data_copy1",
                                            "dependencyConditions": [
                                                "Succeeded"
                                            ]
                                        }
                                    ],
                                    "policy": {
                                        "timeout": "0.12:00:00",
                                        "retry": 0,
                                        "retryIntervalInSeconds": 30,
                                        "secureOutput": false,
                                        "secureInput": false
                                    },
                                    "userProperties": [],
                                    "typeProperties": {
                                        "dataset": {
                                            "referenceName": "ds_population_raw_gz",
                                            "type": "DatasetReference",
                                            "parameters": {}
                                        },
                                        "enableLogging": false,
                                        "storeSettings": {
                                            "type": "AzureBlobStorageReadSettings",
                                            "recursive": true,
                                            "enablePartitionDiscovery": false
                                        }
                                    }
                                }
                            ]
                        }
                    }
                ],
                "policy": {
                    "elapsedTimeMetric": {}
                },
                "annotations": [],
                "lastPublishTime": "2023-11-19T09:21:49Z"
            },
            "dependsOn": []
        },
        {
            "name": "[concat(parameters('factoryName'), '/df_Hospital_admissions')]",
            "type": "Microsoft.DataFactory/factories/dataflows",
            "apiVersion": "2018-06-01",
            "properties": {
                "type": "MappingDataFlow",
                "typeProperties": {
                    "sources": [
                        {
                            "dataset": {
                                "referenceName": "ds_hospital_admissions",
                                "type": "DatasetReference"
                            },
                            "name": "HospitalAdmissionsData"
                        },
                        {
                            "dataset": {
                                "referenceName": "ds_country_lookup1",
                                "type": "DatasetReference"
                            },
                            "name": "countrySource"
                        },
                        {
                            "dataset": {
                                "referenceName": "ds_DimDate_lookup",
                                "type": "DatasetReference"
                            },
                            "name": "lookupForDimdate"
                        }
                    ],
                    "sinks": [
                        {
                            "dataset": {
                                "referenceName": "ds_processed_admissions_weekly_sink",
                                "type": "DatasetReference"
                            },
                            "name": "sinkWeeklyData",
                            "rejectedDataLinkedService": {
                                "referenceName": "ls_csv_to_dl",
                                "type": "LinkedServiceReference"
                            }
                        },
                        {
                            "dataset": {
                                "referenceName": "ds_processed_admissions_daily_sink",
                                "type": "DatasetReference"
                            },
                            "name": "sinkDailyHospitalAdmisData"
                        }
                    ],
                    "transformations": [
                        {
                            "name": "RemoveUnwantedColumns"
                        },
                        {
                            "name": "lookupOutput"
                        },
                        {
                            "name": "RemoveReapeatedColumns"
                        },
                        {
                            "name": "WeeklyToDailySplit"
                        },
                        {
                            "name": "deriveYearWeekColumn"
                        },
                        {
                            "name": "aggWeekly"
                        },
                        {
                            "name": "joinWithDimDate"
                        },
                        {
                            "name": "pivotWeekly"
                        },
                        {
                            "name": "pivotDaily"
                        },
                        {
                            "name": "sortWeekly"
                        },
                        {
                            "name": "sortDaily"
                        },
                        {
                            "name": "selectColumnsForWeekly"
                        },
                        {
                            "name": "selectColumnForDaily"
                        }
                    ],
                    "scriptLines": [
                        "source(output(",
                        "          country as string,",
                        "          indicator as string,",
                        "          date as date,",
                        "          year_week as string,",
                        "          value as double,",
                        "          source as string,",
                        "          url as string",
                        "     ),",
                        "     allowSchemaDrift: true,",
                        "     validateSchema: false,",
                        "     ignoreNoFilesFound: false) ~> HospitalAdmissionsData",
                        "source(output(",
                        "          country as string,",
                        "          country_code_2_digit as string,",
                        "          country_code_3_digit as string,",
                        "          continent as string,",
                        "          population as string",
                        "     ),",
                        "     allowSchemaDrift: true,",
                        "     validateSchema: false,",
                        "     ignoreNoFilesFound: false) ~> countrySource",
                        "source(output(",
                        "          date_key as string,",
                        "          date as date,",
                        "          year as string,",
                        "          month as string,",
                        "          day as string,",
                        "          day_name as string,",
                        "          day_of_year as string,",
                        "          week_of_month as string,",
                        "          week_of_year as string,",
                        "          month_name as string,",
                        "          year_month as string,",
                        "          year_week as string",
                        "     ),",
                        "     allowSchemaDrift: true,",
                        "     validateSchema: false,",
                        "     ignoreNoFilesFound: false) ~> lookupForDimdate",
                        "HospitalAdmissionsData select(mapColumn(",
                        "          country,",
                        "          indicator,",
                        "          reported_date = date,",
                        "          reported_year_week = year_week,",
                        "          value,",
                        "          source",
                        "     ),",
                        "     skipDuplicateMapInputs: true,",
                        "     skipDuplicateMapOutputs: true) ~> RemoveUnwantedColumns",
                        "RemoveUnwantedColumns, countrySource lookup(RemoveUnwantedColumns@country == countrySource@country,",
                        "     multiple: false,",
                        "     pickup: 'any',",
                        "     broadcast: 'auto')~> lookupOutput",
                        "lookupOutput select(mapColumn(",
                        "          country = RemoveUnwantedColumns@country,",
                        "          country_code_3_digit,",
                        "          country_code_2_digit,",
                        "          indicator,",
                        "          value,",
                        "          reported_date,",
                        "          reported_year_week,",
                        "          population,",
                        "          source",
                        "     ),",
                        "     skipDuplicateMapInputs: true,",
                        "     skipDuplicateMapOutputs: true) ~> RemoveReapeatedColumns",
                        "RemoveReapeatedColumns split(indicator=='Weekly new hospital admissions per 100k' || indicator=='Weekly new ICU admissions per 100k',",
                        "     disjoint: false) ~> WeeklyToDailySplit@(Weekly, Daily)",
                        "lookupForDimdate derive(ecdc_year_week = year + '-W' + lpad(week_of_year, 2, '0')) ~> deriveYearWeekColumn",
                        "deriveYearWeekColumn aggregate(groupBy(ecdc_year_week),",
                        "     start_of_week = min(date),",
                        "          send_of_week = max(date)) ~> aggWeekly",
                        "WeeklyToDailySplit@Weekly, aggWeekly join(reported_year_week == ecdc_year_week,",
                        "     joinType:'inner',",
                        "     matchType:'exact',",
                        "     ignoreSpaces: false,",
                        "     broadcast: 'auto')~> joinWithDimDate",
                        "joinWithDimDate pivot(groupBy(country,",
                        "          country_code_3_digit,",
                        "          country_code_2_digit,",
                        "          population,",
                        "          source,",
                        "          reported_year_week,",
                        "          start_of_week,",
                        "          send_of_week),",
                        "     pivotBy(indicator, ['Weekly new hospital admissions per 100k', 'Weekly new  ICU admissions per 100k']),",
                        "     ount = sum(value),",
                        "     columnNaming: '$V_$N',",
                        "     lateral: true) ~> pivotWeekly",
                        "WeeklyToDailySplit@Daily pivot(groupBy(country,",
                        "          country_code_3_digit,",
                        "          country_code_2_digit,",
                        "          population,",
                        "          reported_date,",
                        "          source),",
                        "     pivotBy(indicator, ['Daily hospital occupancy', 'Daily ICU occupancy']),",
                        "     count = sum(value),",
                        "     columnNaming: '$V_$N',",
                        "     lateral: true) ~> pivotDaily",
                        "pivotWeekly sort(asc(country, true),",
                        "     desc(reported_year_week, true)) ~> sortWeekly",
                        "pivotDaily sort(asc(country, true),",
                        "     desc(reported_date, true),",
                        "     partitionBy('hash', 1)) ~> sortDaily",
                        "sortWeekly select(mapColumn(",
                        "          country,",
                        "          country_code_2_digit,",
                        "          country_code_3_digit,",
                        "          population,",
                        "          reported_year_week,",
                        "          start_of_week,",
                        "          end_of_week = send_of_week,",
                        "          {new hospital admissions per 100k_ount} = {Weekly new hospital admissions per 100k_ount},",
                        "          {new  ICU admissions per 100k_ount} = {Weekly new  ICU admissions per 100k_ount},",
                        "          source",
                        "     ),",
                        "     partitionBy('hash', 1),",
                        "     skipDuplicateMapInputs: true,",
                        "     skipDuplicateMapOutputs: true) ~> selectColumnsForWeekly",
                        "sortDaily select(mapColumn(",
                        "          country,",
                        "          country_code_2_digit,",
                        "          country_code_3_digit,",
                        "          population,",
                        "          reported_date,",
                        "          {hospital occupancy_count} = {Daily hospital occupancy_count},",
                        "          {ICU occupancy_count} = {Daily ICU occupancy_count},",
                        "          source",
                        "     ),",
                        "     partitionBy('hash', 1),",
                        "     skipDuplicateMapInputs: true,",
                        "     skipDuplicateMapOutputs: true) ~> selectColumnForDaily",
                        "selectColumnsForWeekly sink(allowSchemaDrift: true,",
                        "     validateSchema: false,",
                        "     truncate: true,",
                        "     umask: 0022,",
                        "     preCommands: [],",
                        "     postCommands: [],",
                        "     skipDuplicateMapInputs: true,",
                        "     skipDuplicateMapOutputs: true,",
                        "     partitionBy('hash', 1)) ~> sinkWeeklyData",
                        "selectColumnForDaily sink(allowSchemaDrift: true,",
                        "     validateSchema: false,",
                        "     truncate: true,",
                        "     umask: 0022,",
                        "     preCommands: [],",
                        "     postCommands: [],",
                        "     skipDuplicateMapInputs: true,",
                        "     skipDuplicateMapOutputs: true,",
                        "     partitionBy('hash', 1)) ~> sinkDailyHospitalAdmisData"
                    ]
                }
            },
            "dependsOn": []
        },
        {
            "name": "[concat(parameters('factoryName'), '/df_transform_cases_deaths')]",
            "type": "Microsoft.DataFactory/factories/dataflows",
            "apiVersion": "2018-06-01",
            "properties": {
                "type": "MappingDataFlow",
                "typeProperties": {
                    "sources": [
                        {
                            "dataset": {
                                "referenceName": "ds_raw_cases_deaths",
                                "type": "DatasetReference"
                            },
                            "name": "CasesDeathsSource"
                        },
                        {
                            "dataset": {
                                "referenceName": "ds_country_lookup",
                                "type": "DatasetReference"
                            },
                            "name": "CountryLookup"
                        }
                    ],
                    "sinks": [
                        {
                            "dataset": {
                                "referenceName": "Processed_cases_deaths",
                                "type": "DatasetReference"
                            },
                            "name": "CasesDeathsSink"
                        }
                    ],
                    "transformations": [
                        {
                            "name": "filterEuropeOnly"
                        },
                        {
                            "name": "selectOnlyReqFields"
                        },
                        {
                            "name": "pivotCounts"
                        },
                        {
                            "name": "lookCountry"
                        },
                        {
                            "name": "selectforSink"
                        }
                    ],
                    "scriptLines": [
                        "source(output(",
                        "          country as string,",
                        "          country_code as string,",
                        "          continent as string,",
                        "          population as integer,",
                        "          indicator as string,",
                        "          daily_count as integer,",
                        "          date as date,",
                        "          rate_14_day as double,",
                        "          source as string",
                        "     ),",
                        "     allowSchemaDrift: true,",
                        "     validateSchema: false,",
                        "     ignoreNoFilesFound: false) ~> CasesDeathsSource",
                        "source(output(",
                        "          country as string,",
                        "          country_code_2_digit as string,",
                        "          country_code_3_digit as string,",
                        "          continent as string,",
                        "          population as integer",
                        "     ),",
                        "     allowSchemaDrift: true,",
                        "     validateSchema: false,",
                        "     ignoreNoFilesFound: false) ~> CountryLookup",
                        "CasesDeathsSource filter(continent == 'Europe' && not(isNull(country_code))) ~> filterEuropeOnly",
                        "filterEuropeOnly select(mapColumn(",
                        "          country,",
                        "          country_code,",
                        "          population,",
                        "          indicator,",
                        "          daily_count,",
                        "          reported_date = date,",
                        "          source",
                        "     ),",
                        "     skipDuplicateMapInputs: false,",
                        "     skipDuplicateMapOutputs: false) ~> selectOnlyReqFields",
                        "selectOnlyReqFields pivot(groupBy(country,",
                        "          country_code,",
                        "          population,",
                        "          source,",
                        "          reported_date),",
                        "     pivotBy(indicator, ['confirmed cases', 'deaths']),",
                        "     count = sum(daily_count),",
                        "     columnNaming: '$V_$N',",
                        "     lateral: true) ~> pivotCounts",
                        "pivotCounts, CountryLookup lookup(pivotCounts@country == CountryLookup@country,",
                        "     multiple: false,",
                        "     pickup: 'any',",
                        "     broadcast: 'auto')~> lookCountry",
                        "lookCountry select(mapColumn(",
                        "          country = pivotCounts@country,",
                        "          country_code_2_digit,",
                        "          country_code_3_digit,",
                        "          population = pivotCounts@population,",
                        "          {confirmed cases_count},",
                        "          deaths_count,",
                        "          reported_date,",
                        "          source",
                        "     ),",
                        "     skipDuplicateMapInputs: true,",
                        "     skipDuplicateMapOutputs: true) ~> selectforSink",
                        "selectforSink sink(allowSchemaDrift: true,",
                        "     validateSchema: false,",
                        "     partitionFileNames:['Cases_deaths_file'],",
                        "     truncate: true,",
                        "     umask: 0022,",
                        "     preCommands: [],",
                        "     postCommands: [],",
                        "     skipDuplicateMapInputs: true,",
                        "     skipDuplicateMapOutputs: true,",
                        "     partitionBy('hash', 1)) ~> CasesDeathsSink"
                    ]
                }
            },
            "dependsOn": []
        },
        {
            "name": "[concat(parameters('factoryName'), '/pl_processed_cases_deaths')]",
            "type": "Microsoft.DataFactory/factories/pipelines",
            "apiVersion": "2018-06-01",
            "properties": {
                "activities": [
                    {
                        "name": "df_transform_cases_deaths",
                        "type": "ExecuteDataFlow",
                        "dependsOn": [],
                        "policy": {
                            "timeout": "0.12:00:00",
                            "retry": 0,
                            "retryIntervalInSeconds": 30,
                            "secureOutput": false,
                            "secureInput": false
                        },
                        "userProperties": [],
                        "typeProperties": {
                            "dataflow": {
                                "referenceName": "df_transform_cases_deaths",
                                "type": "DataFlowReference",
                                "parameters": {},
                                "datasetParameters": {
                                    "CasesDeathsSource": {},
                                    "CountryLookup": {},
                                    "CasesDeathsSink": {}
                                }
                            },
                            "staging": {},
                            "compute": {
                                "coreCount": 8,
                                "computeType": "General"
                            },
                            "traceLevel": "Fine"
                        }
                    }
                ],
                "policy": {
                    "elapsedTimeMetric": {}
                },
                "annotations": [],
                "lastPublishTime": "2023-11-20T03:52:33Z"
            },
            "dependsOn": [
                "[concat(variables('factoryId'), '/dataflows/df_transform_cases_deaths')]"
            ]
        },
        {
            "name": "[concat(parameters('factoryName'), '/pl_processed_hospital_admissions_data')]",
            "type": "Microsoft.DataFactory/factories/pipelines",
            "apiVersion": "2018-06-01",
            "properties": {
                "activities": [
                    {
                        "name": "df_Hospital_admissions",
                        "type": "ExecuteDataFlow",
                        "dependsOn": [],
                        "policy": {
                            "timeout": "0.12:00:00",
                            "retry": 0,
                            "retryIntervalInSeconds": 30,
                            "secureOutput": false,
                            "secureInput": false
                        },
                        "userProperties": [],
                        "typeProperties": {
                            "dataflow": {
                                "referenceName": "df_Hospital_admissions",
                                "type": "DataFlowReference",
                                "parameters": {},
                                "datasetParameters": {
                                    "HospitalAdmissionsData": {},
                                    "countrySource": {},
                                    "lookupForDimdate": {},
                                    "sinkWeeklyData": {},
                                    "sinkDailyHospitalAdmisData": {}
                                }
                            },
                            "staging": {},
                            "compute": {
                                "coreCount": 8,
                                "computeType": "General"
                            },
                            "traceLevel": "Fine"
                        }
                    }
                ],
                "policy": {
                    "elapsedTimeMetric": {}
                },
                "annotations": [],
                "lastPublishTime": "2023-11-20T08:52:09Z"
            },
            "dependsOn": [
                "[concat(variables('factoryId'), '/dataflows/df_Hospital_admissions')]"
            ]
        }
    ]
}