{
    "$schema": "http://schema.management.azure.com/schemas/2015-01-01/deploymentTemplate.json#",
    "contentVersion": "1.0.0.0",
    "parameters": {
        "factoryName": {
            "type": "string",
            "metadata": "Data Factory name",
            "defaultValue": "CovRepoAdf"
        },
        "ds_ecdc_raw_csv_dl_accountKey": {
            "type": "secureString",
            "metadata": "Secure string for 'accountKey' of 'ds_ecdc_raw_csv_dl'"
        },
        "ds_population_raw_tsv_dl_accountKey": {
            "type": "secureString",
            "metadata": "Secure string for 'accountKey' of 'ds_population_raw_tsv_dl'"
        },
        "ls_csv_to_dl_accountKey": {
            "type": "secureString",
            "metadata": "Secure string for 'accountKey' of 'ls_csv_to_dl'"
        },
        "ls_ecdc_file_list_connectionString": {
            "type": "secureString",
            "metadata": "Secure string for 'connectionString' of 'ls_ecdc_file_list'"
        },
        "ls_ecdc_raw_csv_http_password": {
            "type": "secureString",
            "metadata": "Secure string for 'password' of 'ls_ecdc_raw_csv_http'"
        },
        "ls_population_raw_gz_sa_connectionString": {
            "type": "secureString",
            "metadata": "Secure string for 'connectionString' of 'ls_population_raw_gz_sa'"
        },
        "ds_ecdc_raw_csv_dl_properties_typeProperties_url": {
            "type": "string",
            "defaultValue": "https://covrepdl.dfs.core.windows.net/"
        },
        "ds_population_raw_tsv_dl_properties_typeProperties_url": {
            "type": "string",
            "defaultValue": "https://covrepdl.dfs.core.windows.net/"
        },
        "ls_csv_to_dl_properties_typeProperties_url": {
            "type": "string",
            "defaultValue": "https://covrepdl.dfs.core.windows.net/"
        },
        "ls_ecdc_raw_csv_http_properties_typeProperties_url": {
            "type": "string",
            "defaultValue": "https://ecdc.blob.core.windows.net/"
        },
        "ls_ecdc_raw_csv_http_properties_typeProperties_userName": {
            "type": "string",
            "defaultValue": "amolbhan"
        }
    },
    "variables": {
        "factoryId": "[concat('Microsoft.DataFactory/factories/', parameters('factoryName'))]"
    },
    "resources": [
        {
            "name": "[concat(parameters('factoryName'), '/ds_ecdc_raw_csv_dl')]",
            "type": "Microsoft.DataFactory/factories/linkedServices",
            "apiVersion": "2018-06-01",
            "properties": {
                "annotations": [],
                "type": "AzureBlobFS",
                "typeProperties": {
                    "url": "[parameters('ds_ecdc_raw_csv_dl_properties_typeProperties_url')]",
                    "accountKey": {
                        "type": "SecureString",
                        "value": "[parameters('ds_ecdc_raw_csv_dl_accountKey')]"
                    }
                }
            },
            "dependsOn": []
        },
        {
            "name": "[concat(parameters('factoryName'), '/ds_population_raw_tsv_dl')]",
            "type": "Microsoft.DataFactory/factories/linkedServices",
            "apiVersion": "2018-06-01",
            "properties": {
                "annotations": [],
                "type": "AzureBlobFS",
                "typeProperties": {
                    "url": "[parameters('ds_population_raw_tsv_dl_properties_typeProperties_url')]",
                    "accountKey": {
                        "type": "SecureString",
                        "value": "[parameters('ds_population_raw_tsv_dl_accountKey')]"
                    }
                }
            },
            "dependsOn": []
        },
        {
            "name": "[concat(parameters('factoryName'), '/ls_csv_to_dl')]",
            "type": "Microsoft.DataFactory/factories/linkedServices",
            "apiVersion": "2018-06-01",
            "properties": {
                "annotations": [],
                "type": "AzureBlobFS",
                "typeProperties": {
                    "url": "[parameters('ls_csv_to_dl_properties_typeProperties_url')]",
                    "accountKey": {
                        "type": "SecureString",
                        "value": "[parameters('ls_csv_to_dl_accountKey')]"
                    }
                }
            },
            "dependsOn": []
        },
        {
            "name": "[concat(parameters('factoryName'), '/ls_ecdc_file_list')]",
            "type": "Microsoft.DataFactory/factories/linkedServices",
            "apiVersion": "2018-06-01",
            "properties": {
                "annotations": [],
                "type": "AzureBlobStorage",
                "typeProperties": {
                    "connectionString": "[parameters('ls_ecdc_file_list_connectionString')]"
                }
            },
            "dependsOn": []
        },
        {
            "name": "[concat(parameters('factoryName'), '/ls_ecdc_raw_csv_http')]",
            "type": "Microsoft.DataFactory/factories/linkedServices",
            "apiVersion": "2018-06-01",
            "properties": {
                "annotations": [],
                "type": "HttpServer",
                "typeProperties": {
                    "url": "[parameters('ls_ecdc_raw_csv_http_properties_typeProperties_url')]",
                    "enableServerCertificateValidation": true,
                    "authenticationType": "Basic",
                    "userName": "[parameters('ls_ecdc_raw_csv_http_properties_typeProperties_userName')]",
                    "password": {
                        "type": "SecureString",
                        "value": "[parameters('ls_ecdc_raw_csv_http_password')]"
                    }
                }
            },
            "dependsOn": []
        },
        {
            "name": "[concat(parameters('factoryName'), '/ls_population_raw_gz_sa')]",
            "type": "Microsoft.DataFactory/factories/linkedServices",
            "apiVersion": "2018-06-01",
            "properties": {
                "annotations": [],
                "type": "AzureBlobStorage",
                "typeProperties": {
                    "connectionString": "[parameters('ls_population_raw_gz_sa_connectionString')]"
                }
            },
            "dependsOn": []
        },
        {
            "name": "[concat(parameters('factoryName'), '/Processed_cases_deaths')]",
            "type": "Microsoft.DataFactory/factories/datasets",
            "apiVersion": "2018-06-01",
            "properties": {
                "linkedServiceName": {
                    "referenceName": "ls_csv_to_dl",
                    "type": "LinkedServiceReference"
                },
                "annotations": [],
                "type": "DelimitedText",
                "typeProperties": {
                    "location": {
                        "type": "AzureBlobFSLocation",
                        "folderPath": "ECDC/cases_deaths",
                        "fileSystem": "processed"
                    },
                    "columnDelimiter": ",",
                    "escapeChar": "\\",
                    "firstRowAsHeader": true,
                    "quoteChar": "\""
                },
                "schema": []
            },
            "dependsOn": [
                "[concat(variables('factoryId'), '/linkedServices/ls_csv_to_dl')]"
            ]
        },
        {
            "name": "[concat(parameters('factoryName'), '/ds_DimDate_lookup')]",
            "type": "Microsoft.DataFactory/factories/datasets",
            "apiVersion": "2018-06-01",
            "properties": {
                "linkedServiceName": {
                    "referenceName": "ls_csv_to_dl",
                    "type": "LinkedServiceReference"
                },
                "annotations": [],
                "type": "DelimitedText",
                "typeProperties": {
                    "location": {
                        "type": "AzureBlobFSLocation",
                        "fileName": "dim_date.csv",
                        "folderPath": "dim_date",
                        "fileSystem": "lookup"
                    },
                    "columnDelimiter": ",",
                    "escapeChar": "\\",
                    "firstRowAsHeader": true,
                    "quoteChar": "\""
                },
                "schema": [
                    {
                        "name": "date_key",
                        "type": "String"
                    },
                    {
                        "name": "date",
                        "type": "String"
                    },
                    {
                        "name": "year",
                        "type": "String"
                    },
                    {
                        "name": "month",
                        "type": "String"
                    },
                    {
                        "name": "day",
                        "type": "String"
                    },
                    {
                        "name": "day_name",
                        "type": "String"
                    },
                    {
                        "name": "day_of_year",
                        "type": "String"
                    },
                    {
                        "name": "week_of_month",
                        "type": "String"
                    },
                    {
                        "name": "week_of_year",
                        "type": "String"
                    },
                    {
                        "name": "month_name",
                        "type": "String"
                    },
                    {
                        "name": "year_month",
                        "type": "String"
                    },
                    {
                        "name": "year_week",
                        "type": "String"
                    }
                ]
            },
            "dependsOn": [
                "[concat(variables('factoryId'), '/linkedServices/ls_csv_to_dl')]"
            ]
        },
        {
            "name": "[concat(parameters('factoryName'), '/ds_country_lookup')]",
            "type": "Microsoft.DataFactory/factories/datasets",
            "apiVersion": "2018-06-01",
            "properties": {
                "linkedServiceName": {
                    "referenceName": "ls_csv_to_dl",
                    "type": "LinkedServiceReference"
                },
                "annotations": [],
                "type": "DelimitedText",
                "typeProperties": {
                    "location": {
                        "type": "AzureBlobFSLocation",
                        "fileName": "country_lookup (1).csv",
                        "folderPath": "country_lookup",
                        "fileSystem": "lookup"
                    },
                    "columnDelimiter": ",",
                    "escapeChar": "\\",
                    "firstRowAsHeader": true,
                    "quoteChar": "\""
                },
                "schema": [
                    {
                        "name": "country",
                        "type": "String"
                    },
                    {
                        "name": "country_code_2_digit",
                        "type": "String"
                    },
                    {
                        "name": "country_code_3_digit",
                        "type": "String"
                    },
                    {
                        "name": "continent",
                        "type": "String"
                    },
                    {
                        "name": "population",
                        "type": "String"
                    }
                ]
            },
            "dependsOn": [
                "[concat(variables('factoryId'), '/linkedServices/ls_csv_to_dl')]"
            ]
        },
        {
            "name": "[concat(parameters('factoryName'), '/ds_country_lookup1')]",
            "type": "Microsoft.DataFactory/factories/datasets",
            "apiVersion": "2018-06-01",
            "properties": {
                "linkedServiceName": {
                    "referenceName": "ls_csv_to_dl",
                    "type": "LinkedServiceReference"
                },
                "annotations": [],
                "type": "DelimitedText",
                "typeProperties": {
                    "location": {
                        "type": "AzureBlobFSLocation",
                        "fileName": "country_lookup (1).csv",
                        "folderPath": "country_lookup",
                        "fileSystem": "lookup"
                    },
                    "columnDelimiter": ",",
                    "escapeChar": "\\",
                    "firstRowAsHeader": true,
                    "quoteChar": "\""
                },
                "schema": [
                    {
                        "name": "country",
                        "type": "String"
                    },
                    {
                        "name": "country_code_2_digit",
                        "type": "String"
                    },
                    {
                        "name": "country_code_3_digit",
                        "type": "String"
                    },
                    {
                        "name": "continent",
                        "type": "String"
                    },
                    {
                        "name": "population",
                        "type": "String"
                    }
                ]
            },
            "dependsOn": [
                "[concat(variables('factoryId'), '/linkedServices/ls_csv_to_dl')]"
            ]
        },
        {
            "name": "[concat(parameters('factoryName'), '/ds_ecdc_file_list')]",
            "type": "Microsoft.DataFactory/factories/datasets",
            "apiVersion": "2018-06-01",
            "properties": {
                "linkedServiceName": {
                    "referenceName": "ls_ecdc_file_list",
                    "type": "LinkedServiceReference"
                },
                "annotations": [],
                "type": "Json",
                "typeProperties": {
                    "location": {
                        "type": "AzureBlobStorageLocation",
                        "fileName": "ecdc_file_list - Copy.json",
                        "container": "configs"
                    }
                },
                "schema": {
                    "type": "object",
                    "properties": {
                        "sourceRelativeURL": {
                            "type": "string"
                        },
                        "sinkFileName": {
                            "type": "string"
                        }
                    }
                }
            },
            "dependsOn": [
                "[concat(variables('factoryId'), '/linkedServices/ls_ecdc_file_list')]"
            ]
        },
        {
            "name": "[concat(parameters('factoryName'), '/ds_ecdc_raw_csv_dl')]",
            "type": "Microsoft.DataFactory/factories/datasets",
            "apiVersion": "2018-06-01",
            "properties": {
                "linkedServiceName": {
                    "referenceName": "ds_ecdc_raw_csv_dl",
                    "type": "LinkedServiceReference"
                },
                "parameters": {
                    "sinkfilename": {
                        "type": "string"
                    }
                },
                "annotations": [],
                "type": "DelimitedText",
                "typeProperties": {
                    "location": {
                        "type": "AzureBlobFSLocation",
                        "fileName": {
                            "value": "@dataset().sinkfilename",
                            "type": "Expression"
                        },
                        "folderPath": "ecdc",
                        "fileSystem": "raw"
                    },
                    "columnDelimiter": ",",
                    "escapeChar": "\\",
                    "firstRowAsHeader": true,
                    "quoteChar": "\""
                },
                "schema": []
            },
            "dependsOn": [
                "[concat(variables('factoryId'), '/linkedServices/ds_ecdc_raw_csv_dl')]"
            ]
        },
        {
            "name": "[concat(parameters('factoryName'), '/ds_ecdc_raw_csv_http')]",
            "type": "Microsoft.DataFactory/factories/datasets",
            "apiVersion": "2018-06-01",
            "properties": {
                "linkedServiceName": {
                    "referenceName": "ls_ecdc_raw_csv_http",
                    "type": "LinkedServiceReference"
                },
                "parameters": {
                    "sourcerelativeURL": {
                        "type": "string"
                    },
                    "sourcebaseURL": {
                        "type": "string"
                    }
                },
                "annotations": [],
                "type": "DelimitedText",
                "typeProperties": {
                    "location": {
                        "type": "HttpServerLocation",
                        "relativeUrl": {
                            "value": "@dataset().sourcerelativeURL",
                            "type": "Expression"
                        }
                    },
                    "columnDelimiter": ",",
                    "escapeChar": "\\",
                    "firstRowAsHeader": true,
                    "quoteChar": "\""
                },
                "schema": []
            },
            "dependsOn": [
                "[concat(variables('factoryId'), '/linkedServices/ls_ecdc_raw_csv_http')]"
            ]
        },
        {
            "name": "[concat(parameters('factoryName'), '/ds_hospital_admissions')]",
            "type": "Microsoft.DataFactory/factories/datasets",
            "apiVersion": "2018-06-01",
            "properties": {
                "linkedServiceName": {
                    "referenceName": "ls_csv_to_dl",
                    "type": "LinkedServiceReference"
                },
                "annotations": [],
                "type": "DelimitedText",
                "typeProperties": {
                    "location": {
                        "type": "AzureBlobFSLocation",
                        "fileName": "hospital_admissions.csv",
                        "folderPath": "ecdc/hospital_admissions",
                        "fileSystem": "raw"
                    },
                    "columnDelimiter": ",",
                    "escapeChar": "\\",
                    "firstRowAsHeader": true,
                    "quoteChar": "\""
                },
                "schema": [
                    {
                        "name": "country",
                        "type": "String"
                    },
                    {
                        "name": "indicator",
                        "type": "String"
                    },
                    {
                        "name": "date",
                        "type": "String"
                    },
                    {
                        "name": "year_week",
                        "type": "String"
                    },
                    {
                        "name": "value",
                        "type": "String"
                    },
                    {
                        "name": "source",
                        "type": "String"
                    },
                    {
                        "name": "url",
                        "type": "String"
                    }
                ]
            },
            "dependsOn": [
                "[concat(variables('factoryId'), '/linkedServices/ls_csv_to_dl')]"
            ]
        },
        {
            "name": "[concat(parameters('factoryName'), '/ds_population_raw_gz')]",
            "type": "Microsoft.DataFactory/factories/datasets",
            "apiVersion": "2018-06-01",
            "properties": {
                "linkedServiceName": {
                    "referenceName": "ls_population_raw_gz_sa",
                    "type": "LinkedServiceReference"
                },
                "annotations": [],
                "type": "DelimitedText",
                "typeProperties": {
                    "location": {
                        "type": "AzureBlobStorageLocation",
                        "fileName": "population_by_age.tsv.gz",
                        "container": "population"
                    },
                    "columnDelimiter": "\t",
                    "compressionCodec": "gzip",
                    "compressionLevel": "Optimal",
                    "escapeChar": "\\",
                    "firstRowAsHeader": true,
                    "quoteChar": "\""
                },
                "schema": []
            },
            "dependsOn": [
                "[concat(variables('factoryId'), '/linkedServices/ls_population_raw_gz_sa')]"
            ]
        },
        {
            "name": "[concat(parameters('factoryName'), '/ds_population_raw_tsv')]",
            "type": "Microsoft.DataFactory/factories/datasets",
            "apiVersion": "2018-06-01",
            "properties": {
                "linkedServiceName": {
                    "referenceName": "ds_population_raw_tsv_dl",
                    "type": "LinkedServiceReference"
                },
                "annotations": [],
                "type": "DelimitedText",
                "typeProperties": {
                    "location": {
                        "type": "AzureBlobFSLocation",
                        "fileName": "population_by_age_tsv",
                        "fileSystem": "raw"
                    },
                    "columnDelimiter": "\t",
                    "escapeChar": "\\",
                    "firstRowAsHeader": true,
                    "quoteChar": "\""
                },
                "schema": []
            },
            "dependsOn": [
                "[concat(variables('factoryId'), '/linkedServices/ds_population_raw_tsv_dl')]"
            ]
        },
        {
            "name": "[concat(parameters('factoryName'), '/ds_processed_admissions_daily_sink')]",
            "type": "Microsoft.DataFactory/factories/datasets",
            "apiVersion": "2018-06-01",
            "properties": {
                "linkedServiceName": {
                    "referenceName": "ls_csv_to_dl",
                    "type": "LinkedServiceReference"
                },
                "annotations": [],
                "type": "DelimitedText",
                "typeProperties": {
                    "location": {
                        "type": "AzureBlobFSLocation",
                        "folderPath": "ECDC/hospital_admissions_dat_daily",
                        "fileSystem": "processed"
                    },
                    "columnDelimiter": ",",
                    "escapeChar": "\\",
                    "firstRowAsHeader": true,
                    "quoteChar": "\""
                },
                "schema": []
            },
            "dependsOn": [
                "[concat(variables('factoryId'), '/linkedServices/ls_csv_to_dl')]"
            ]
        },
        {
            "name": "[concat(parameters('factoryName'), '/ds_processed_admissions_weekly_sink')]",
            "type": "Microsoft.DataFactory/factories/datasets",
            "apiVersion": "2018-06-01",
            "properties": {
                "linkedServiceName": {
                    "referenceName": "ls_csv_to_dl",
                    "type": "LinkedServiceReference"
                },
                "annotations": [],
                "type": "DelimitedText",
                "typeProperties": {
                    "location": {
                        "type": "AzureBlobFSLocation",
                        "folderPath": "ECDC/hospital_admissions_weekly",
                        "fileSystem": "processed"
                    },
                    "columnDelimiter": ",",
                    "escapeChar": "\\",
                    "firstRowAsHeader": true,
                    "quoteChar": "\""
                },
                "schema": []
            },
            "dependsOn": [
                "[concat(variables('factoryId'), '/linkedServices/ls_csv_to_dl')]"
            ]
        },
        {
            "name": "[concat(parameters('factoryName'), '/ds_raw_cases_deaths')]",
            "type": "Microsoft.DataFactory/factories/datasets",
            "apiVersion": "2018-06-01",
            "properties": {
                "linkedServiceName": {
                    "referenceName": "ls_csv_to_dl",
                    "type": "LinkedServiceReference"
                },
                "annotations": [],
                "type": "DelimitedText",
                "typeProperties": {
                    "location": {
                        "type": "AzureBlobFSLocation",
                        "fileName": "cases_deaths.csv",
                        "folderPath": "ecdc/cases_deaths",
                        "fileSystem": "raw"
                    },
                    "columnDelimiter": ",",
                    "escapeChar": "\\",
                    "firstRowAsHeader": true,
                    "quoteChar": "\""
                },
                "schema": [
                    {
                        "name": "country",
                        "type": "String"
                    },
                    {
                        "name": "country_code",
                        "type": "String"
                    },
                    {
                        "name": "continent",
                        "type": "String"
                    },
                    {
                        "name": "population",
                        "type": "String"
                    },
                    {
                        "name": "indicator",
                        "type": "String"
                    },
                    {
                        "name": "daily_count",
                        "type": "String"
                    },
                    {
                        "name": "date",
                        "type": "String"
                    },
                    {
                        "name": "rate_14_day",
                        "type": "String"
                    },
                    {
                        "name": "source",
                        "type": "String"
                    }
                ]
            },
            "dependsOn": [
                "[concat(variables('factoryId'), '/linkedServices/ls_csv_to_dl')]"
            ]
        },
        {
            "name": "[concat(parameters('factoryName'), '/pl_ingest_ecdc_data')]",
            "type": "Microsoft.DataFactory/factories/pipelines",
            "apiVersion": "2018-06-01",
            "properties": {
                "activities": [
                    {
                        "name": "Lookup ECDC File List",
                        "type": "Lookup",
                        "dependsOn": [],
                        "policy": {
                            "timeout": "0.12:00:00",
                            "retry": 0,
                            "retryIntervalInSeconds": 30,
                            "secureOutput": false,
                            "secureInput": false
                        },
                        "userProperties": [],
                        "typeProperties": {
                            "source": {
                                "type": "JsonSource",
                                "storeSettings": {
                                    "type": "AzureBlobStorageReadSettings",
                                    "recursive": true,
                                    "enablePartitionDiscovery": false
                                },
                                "formatSettings": {
                                    "type": "JsonReadSettings"
                                }
                            },
                            "dataset": {
                                "referenceName": "ds_ecdc_file_list",
                                "type": "DatasetReference",
                                "parameters": {}
                            },
                            "firstRowOnly": false
                        }
                    },
                    {
                        "name": "ExecuteEachRecord",
                        "type": "ForEach",
                        "dependsOn": [
                            {
                                "activity": "Lookup ECDC File List",
                                "dependencyConditions": [
                                    "Succeeded"
                                ]
                            }
                        ],
                        "userProperties": [],
                        "typeProperties": {
                            "items": {
                                "value": "@activity('Lookup ECDC File List').output.value",
                                "type": "Expression"
                            },
                            "isSequential": true,
                            "activities": [
                                {
                                    "name": "Copy ecdc data",
                                    "type": "Copy",
                                    "dependsOn": [],
                                    "policy": {
                                        "timeout": "0.12:00:00",
                                        "retry": 0,
                                        "retryIntervalInSeconds": 30,
                                        "secureOutput": false,
                                        "secureInput": false
                                    },
                                    "userProperties": [],
                                    "typeProperties": {
                                        "source": {
                                            "type": "DelimitedTextSource",
                                            "storeSettings": {
                                                "type": "HttpReadSettings",
                                                "requestMethod": "GET"
                                            },
                                            "formatSettings": {
                                                "type": "DelimitedTextReadSettings"
                                            }
                                        },
                                        "sink": {
                                            "type": "DelimitedTextSink",
                                            "storeSettings": {
                                                "type": "AzureBlobFSWriteSettings"
                                            },
                                            "formatSettings": {
                                                "type": "DelimitedTextWriteSettings",
                                                "quoteAllText": true,
                                                "fileExtension": ".txt"
                                            }
                                        },
                                        "enableStaging": false,
                                        "translator": {
                                            "type": "TabularTranslator",
                                            "typeConversion": true,
                                            "typeConversionSettings": {
                                                "allowDataTruncation": true,
                                                "treatBooleanAsNumber": false
                                            }
                                        }
                                    },
                                    "inputs": [
                                        {
                                            "referenceName": "ds_ecdc_raw_csv_http",
                                            "type": "DatasetReference",
                                            "parameters": {
                                                "sourcerelativeURL": {
                                                    "value": "@item().sourceRelativeURL",
                                                    "type": "Expression"
                                                },
                                                "sourcebaseURL": {
                                                    "value": "@item().sourceBaseURL",
                                                    "type": "Expression"
                                                }
                                            }
                                        }
                                    ],
                                    "outputs": [
                                        {
                                            "referenceName": "ds_ecdc_raw_csv_dl",
                                            "type": "DatasetReference",
                                            "parameters": {
                                                "sinkfilename": {
                                                    "value": "@item().sinkFileName",
                                                    "type": "Expression"
                                                }
                                            }
                                        }
                                    ]
                                }
                            ]
                        }
                    }
                ],
                "policy": {
                    "elapsedTimeMetric": {}
                },
                "annotations": [],
                "lastPublishTime": "2023-11-19T14:05:44Z"
            },
            "dependsOn": [
                "[concat(variables('factoryId'), '/datasets/ds_ecdc_file_list')]",
                "[concat(variables('factoryId'), '/datasets/ds_ecdc_raw_csv_http')]",
                "[concat(variables('factoryId'), '/datasets/ds_ecdc_raw_csv_dl')]"
            ]
        }
    ]
}