{
    "$schema": "http://schema.management.azure.com/schemas/2015-01-01/deploymentTemplate.json#",
    "contentVersion": "1.0.0.0",
    "parameters": {
        "factoryName": {
            "type": "string",
            "metadata": "Data Factory name",
            "defaultValue": "CovRepoAdf"
        },
        "ds_ecdc_raw_csv_dl_accountKey": {
            "type": "secureString",
            "metadata": "Secure string for 'accountKey' of 'ds_ecdc_raw_csv_dl'"
        },
        "ds_population_raw_tsv_dl_accountKey": {
            "type": "secureString",
            "metadata": "Secure string for 'accountKey' of 'ds_population_raw_tsv_dl'"
        },
        "ls_csv_to_dl_accountKey": {
            "type": "secureString",
            "metadata": "Secure string for 'accountKey' of 'ls_csv_to_dl'"
        },
        "ls_ecdc_file_list_connectionString": {
            "type": "secureString",
            "metadata": "Secure string for 'connectionString' of 'ls_ecdc_file_list'"
        },
        "ls_ecdc_raw_csv_http_password": {
            "type": "secureString",
            "metadata": "Secure string for 'password' of 'ls_ecdc_raw_csv_http'"
        },
        "ls_population_raw_gz_sa_connectionString": {
            "type": "secureString",
            "metadata": "Secure string for 'connectionString' of 'ls_population_raw_gz_sa'"
        },
        "ds_ecdc_raw_csv_dl_properties_typeProperties_url": {
            "type": "string",
            "defaultValue": "https://covrepdl.dfs.core.windows.net/"
        },
        "ds_population_raw_tsv_dl_properties_typeProperties_url": {
            "type": "string",
            "defaultValue": "https://covrepdl.dfs.core.windows.net/"
        },
        "ls_csv_to_dl_properties_typeProperties_url": {
            "type": "string",
            "defaultValue": "https://covrepdl.dfs.core.windows.net/"
        },
        "ls_ecdc_raw_csv_http_properties_typeProperties_url": {
            "type": "string",
            "defaultValue": "https://ecdc.blob.core.windows.net/"
        },
        "ls_ecdc_raw_csv_http_properties_typeProperties_userName": {
            "type": "string",
            "defaultValue": "amolbhan"
        },
        "containerUri": {
            "type": "string",
            "metadata": "URI to storage account containing linked ARM templates"
        },
        "containerSasToken": {
            "type": "string",
            "metadata": "Sas token to storage account containing linked ARM templates"
        }
    },
    "variables": {
        "factoryId": "[concat('Microsoft.DataFactory/factories/', parameters('factoryName'))]"
    },
    "resources": [
        {
            "name": "CovRepoAdf_ArmTemplate_0",
            "type": "Microsoft.Resources/deployments",
            "apiVersion": "2018-02-01",
            "properties": {
                "mode": "incremental",
                "templateLink": {
                    "uri": "[concat(parameters('containerUri'), '/ArmTemplate_0.json', parameters('containerSasToken'))]",
                    "contentVersion": "1.0.0.0"
                },
                "parameters": {
                    "factoryName": {
                        "value": "[parameters('factoryName')]"
                    },
                    "ds_ecdc_raw_csv_dl_accountKey": {
                        "value": "[parameters('ds_ecdc_raw_csv_dl_accountKey')]"
                    },
                    "ds_population_raw_tsv_dl_accountKey": {
                        "value": "[parameters('ds_population_raw_tsv_dl_accountKey')]"
                    },
                    "ls_csv_to_dl_accountKey": {
                        "value": "[parameters('ls_csv_to_dl_accountKey')]"
                    },
                    "ls_ecdc_file_list_connectionString": {
                        "value": "[parameters('ls_ecdc_file_list_connectionString')]"
                    },
                    "ls_ecdc_raw_csv_http_password": {
                        "value": "[parameters('ls_ecdc_raw_csv_http_password')]"
                    },
                    "ls_population_raw_gz_sa_connectionString": {
                        "value": "[parameters('ls_population_raw_gz_sa_connectionString')]"
                    },
                    "ds_ecdc_raw_csv_dl_properties_typeProperties_url": {
                        "value": "[parameters('ds_ecdc_raw_csv_dl_properties_typeProperties_url')]"
                    },
                    "ds_population_raw_tsv_dl_properties_typeProperties_url": {
                        "value": "[parameters('ds_population_raw_tsv_dl_properties_typeProperties_url')]"
                    },
                    "ls_csv_to_dl_properties_typeProperties_url": {
                        "value": "[parameters('ls_csv_to_dl_properties_typeProperties_url')]"
                    },
                    "ls_ecdc_raw_csv_http_properties_typeProperties_url": {
                        "value": "[parameters('ls_ecdc_raw_csv_http_properties_typeProperties_url')]"
                    },
                    "ls_ecdc_raw_csv_http_properties_typeProperties_userName": {
                        "value": "[parameters('ls_ecdc_raw_csv_http_properties_typeProperties_userName')]"
                    }
                }
            },
            "dependsOn": []
        },
        {
            "name": "CovRepoAdf_ArmTemplate_1",
            "type": "Microsoft.Resources/deployments",
            "apiVersion": "2018-02-01",
            "properties": {
                "mode": "incremental",
                "templateLink": {
                    "uri": "[concat(parameters('containerUri'), '/ArmTemplate_1.json', parameters('containerSasToken'))]",
                    "contentVersion": "1.0.0.0"
                },
                "parameters": {
                    "factoryName": {
                        "value": "[parameters('factoryName')]"
                    }
                }
            },
            "dependsOn": [
                "[resourceId('Microsoft.Resources/deployments', 'CovRepoAdf_ArmTemplate_0')]"
            ]
        }
    ]
}