{
    "$schema": "https://schema.management.azure.com/schemas/2015-01-01/deploymentParameters.json#",
    "contentVersion": "1.0.0.0",
    "parameters": {
        "factoryName": {
            "value": "CovRepoAdf"
        },
        "ds_ecdc_raw_csv_dl_accountKey": {
            "value": ""
        },
        "ds_population_raw_tsv_dl_accountKey": {
            "value": ""
        },
        "ls_csv_to_dl_accountKey": {
            "value": ""
        },
        "ls_ecdc_file_list_connectionString": {
            "value": ""
        },
        "ls_ecdc_raw_csv_http_password": {
            "value": ""
        },
        "ls_population_raw_gz_sa_connectionString": {
            "value": ""
        },
        "ds_ecdc_raw_csv_dl_properties_typeProperties_url": {
            "value": "https://covrepdl.dfs.core.windows.net/"
        },
        "ds_population_raw_tsv_dl_properties_typeProperties_url": {
            "value": "https://covrepdl.dfs.core.windows.net/"
        },
        "ls_csv_to_dl_properties_typeProperties_url": {
            "value": "https://covrepdl.dfs.core.windows.net/"
        },
        "ls_ecdc_raw_csv_http_properties_typeProperties_url": {
            "value": "https://ecdc.blob.core.windows.net/"
        },
        "ls_ecdc_raw_csv_http_properties_typeProperties_userName": {
            "value": "amolbhan"
        }
    }
}