{
    "$schema": "http://schema.management.azure.com/schemas/2015-01-01/deploymentTemplate.json#",
    "contentVersion": "1.0.0.0",
    "parameters": {
        "factoryName": {
            "type": "string",
            "metadata": "Data Factory name",
            "defaultValue": "CovRepoAdf"
        },
        "ds_ecdc_raw_csv_dl_accountKey": {
            "type": "secureString",
            "metadata": "Secure string for 'accountKey' of 'ds_ecdc_raw_csv_dl'"
        },
        "ds_population_raw_tsv_dl_accountKey": {
            "type": "secureString",
            "metadata": "Secure string for 'accountKey' of 'ds_population_raw_tsv_dl'"
        },
        "ls_csv_to_dl_accountKey": {
            "type": "secureString",
            "metadata": "Secure string for 'accountKey' of 'ls_csv_to_dl'"
        },
        "ls_ecdc_file_list_connectionString": {
            "type": "secureString",
            "metadata": "Secure string for 'connectionString' of 'ls_ecdc_file_list'"
        },
        "ls_ecdc_raw_csv_http_password": {
            "type": "secureString",
            "metadata": "Secure string for 'password' of 'ls_ecdc_raw_csv_http'"
        },
        "ls_population_raw_gz_sa_connectionString": {
            "type": "secureString",
            "metadata": "Secure string for 'connectionString' of 'ls_population_raw_gz_sa'"
        },
        "ds_ecdc_raw_csv_dl_properties_typeProperties_url": {
            "type": "string",
            "defaultValue": "https://covrepdl.dfs.core.windows.net/"
        },
        "ds_population_raw_tsv_dl_properties_typeProperties_url": {
            "type": "string",
            "defaultValue": "https://covrepdl.dfs.core.windows.net/"
        },
        "ls_csv_to_dl_properties_typeProperties_url": {
            "type": "string",
            "defaultValue": "https://covrepdl.dfs.core.windows.net/"
        },
        "ls_ecdc_raw_csv_http_properties_typeProperties_url": {
            "type": "string",
            "defaultValue": "https://ecdc.blob.core.windows.net/"
        },
        "ls_ecdc_raw_csv_http_properties_typeProperties_userName": {
            "type": "string",
            "defaultValue": "amolbhan"
        }
    },
    "variables": {
        "factoryId": "[concat('Microsoft.DataFactory/factories/', parameters('factoryName'))]"
    },
    "resources": [
        {
            "name": "[concat(parameters('factoryName'), '/pl_ingest_ecdc_data')]",
            "type": "Microsoft.DataFactory/factories/pipelines",
            "apiVersion": "2018-06-01",
            "properties": {
                "activities": [
                    {
                        "name": "Lookup ECDC File List",
                        "type": "Lookup",
                        "dependsOn": [],
                        "policy": {
                            "timeout": "0.12:00:00",
                            "retry": 0,
                            "retryIntervalInSeconds": 30,
                            "secureOutput": false,
                            "secureInput": false
                        },
                        "userProperties": [],
                        "typeProperties": {
                            "source": {
                                "type": "JsonSource",
                                "storeSettings": {
                                    "type": "AzureBlobStorageReadSettings",
                                    "recursive": true,
                                    "enablePartitionDiscovery": false
                                },
                                "formatSettings": {
                                    "type": "JsonReadSettings"
                                }
                            },
                            "dataset": {
                                "referenceName": "ds_ecdc_file_list",
                                "type": "DatasetReference",
                                "parameters": {}
                            },
                            "firstRowOnly": false
                        }
                    },
                    {
                        "name": "ExecuteEachRecord",
                        "type": "ForEach",
                        "dependsOn": [
                            {
                                "activity": "Lookup ECDC File List",
                                "dependencyConditions": [
                                    "Succeeded"
                                ]
                            }
                        ],
                        "userProperties": [],
                        "typeProperties": {
                            "items": {
                                "value": "@activity('Lookup ECDC File List').output.value",
                                "type": "Expression"
                            },
                            "isSequential": true,
                            "activities": [
                                {
                                    "name": "Copy ecdc data",
                                    "type": "Copy",
                                    "dependsOn": [],
                                    "policy": {
                                        "timeout": "0.12:00:00",
                                        "retry": 0,
                                        "retryIntervalInSeconds": 30,
                                        "secureOutput": false,
                                        "secureInput": false
                                    },
                                    "userProperties": [],
                                    "typeProperties": {
                                        "source": {
                                            "type": "DelimitedTextSource",
                                            "storeSettings": {
                                                "type": "HttpReadSettings",
                                                "requestMethod": "GET"
                                            },
                                            "formatSettings": {
                                                "type": "DelimitedTextReadSettings"
                                            }
                                        },
                                        "sink": {
                                            "type": "DelimitedTextSink",
                                            "storeSettings": {
                                                "type": "AzureBlobFSWriteSettings"
                                            },
                                            "formatSettings": {
                                                "type": "DelimitedTextWriteSettings",
                                                "quoteAllText": true,
                                                "fileExtension": ".txt"
                                            }
                                        },
                                        "enableStaging": false,
                                        "translator": {
                                            "type": "TabularTranslator",
                                            "typeConversion": true,
                                            "typeConversionSettings": {
                                                "allowDataTruncation": true,
                                                "treatBooleanAsNumber": false
                                            }
                                        }
                                    },
                                    "inputs": [
                                        {
                                            "referenceName": "ds_ecdc_raw_csv_http",
                                            "type": "DatasetReference",
                                            "parameters": {
                                                "sourcerelativeURL": {
                                                    "value": "@item().sourceRelativeURL",
                                                    "type": "Expression"
                                                },
                                                "sourcebaseURL": {
                                                    "value": "@item().sourceBaseURL",
                                                    "type": "Expression"
                                                }
                                            }
                                        }
                                    ],
                                    "outputs": [
                                        {
                                            "referenceName": "ds_ecdc_raw_csv_dl",
                                            "type": "DatasetReference",
                                            "parameters": {
                                                "sinkfilename": {
                                                    "value": "@item().sinkFileName",
                                                    "type": "Expression"
                                                }
                                            }
                                        }
                                    ]
                                }
                            ]
                        }
                    }
                ],
                "policy": {
                    "elapsedTimeMetric": {}
                },
                "annotations": [],
                "lastPublishTime": "2023-11-19T14:05:44Z"
            },
            "dependsOn": [
                "[concat(variables('factoryId'), '/datasets/ds_ecdc_file_list')]",
                "[concat(variables('factoryId'), '/datasets/ds_ecdc_raw_csv_http')]",
                "[concat(variables('factoryId'), '/datasets/ds_ecdc_raw_csv_dl')]"
            ]
        },
        {
            "name": "[concat(parameters('factoryName'), '/pl_ingest_population_data')]",
            "type": "Microsoft.DataFactory/factories/pipelines",
            "apiVersion": "2018-06-01",
            "properties": {
                "activities": [
                    {
                        "name": "check if file exists",
                        "type": "Validation",
                        "dependsOn": [],
                        "userProperties": [],
                        "typeProperties": {
                            "dataset": {
                                "referenceName": "ds_population_raw_gz",
                                "type": "DatasetReference",
                                "parameters": {}
                            },
                            "timeout": "0.00:00:30",
                            "sleep": 10,
                            "minimumSize": 1024
                        }
                    },
                    {
                        "name": "Get Metadata of file",
                        "type": "GetMetadata",
                        "dependsOn": [
                            {
                                "activity": "check if file exists",
                                "dependencyConditions": [
                                    "Succeeded"
                                ]
                            }
                        ],
                        "policy": {
                            "timeout": "0.12:00:00",
                            "retry": 0,
                            "retryIntervalInSeconds": 30,
                            "secureOutput": false,
                            "secureInput": false
                        },
                        "userProperties": [],
                        "typeProperties": {
                            "dataset": {
                                "referenceName": "ds_population_raw_gz",
                                "type": "DatasetReference",
                                "parameters": {}
                            },
                            "fieldList": [
                                "columnCount",
                                "exists",
                                "size"
                            ],
                            "storeSettings": {
                                "type": "AzureBlobStorageReadSettings",
                                "recursive": true,
                                "enablePartitionDiscovery": false
                            },
                            "formatSettings": {
                                "type": "DelimitedTextReadSettings"
                            }
                        }
                    },
                    {
                        "name": "If column count matches",
                        "type": "IfCondition",
                        "dependsOn": [
                            {
                                "activity": "Get Metadata of file",
                                "dependencyConditions": [
                                    "Succeeded"
                                ]
                            }
                        ],
                        "userProperties": [],
                        "typeProperties": {
                            "expression": {
                                "value": "@equals(activity('Get Metadata of file').output.columnCount, 13)",
                                "type": "Expression"
                            },
                            "ifFalseActivities": [
                                {
                                    "name": "if count doesnt match",
                                    "type": "Fail",
                                    "dependsOn": [],
                                    "userProperties": [],
                                    "typeProperties": {
                                        "message": "column count is not equaol to 13",
                                        "errorCode": "check the column count"
                                    }
                                },
                                {
                                    "name": "send an email",
                                    "description": "activity failed",
                                    "type": "WebActivity",
                                    "dependsOn": [
                                        {
                                            "activity": "if count doesnt match",
                                            "dependencyConditions": [
                                                "Succeeded",
                                                "Failed"
                                            ]
                                        }
                                    ],
                                    "policy": {
                                        "timeout": "0.12:00:00",
                                        "retry": 0,
                                        "retryIntervalInSeconds": 30,
                                        "secureOutput": false,
                                        "secureInput": false
                                    },
                                    "userProperties": [],
                                    "typeProperties": {
                                        "url": "https://mail.google.com/mail/u/0/#inbox?compose=GTvVlcSMSqJlMRwQrBmQVCQDhqRFlmDnDvVddvsrnhSDpxztfkqzjHXkXCLlvqcGPFMPkbsHtQqCL",
                                        "method": "POST",
                                        "headers": {},
                                        "body": "activity failed"
                                    }
                                }
                            ],
                            "ifTrueActivities": [
                                {
                                    "name": "Copy population data_copy1",
                                    "type": "Copy",
                                    "dependsOn": [],
                                    "policy": {
                                        "timeout": "0.00:10:00",
                                        "retry": 0,
                                        "retryIntervalInSeconds": 30,
                                        "secureOutput": false,
                                        "secureInput": false
                                    },
                                    "userProperties": [],
                                    "typeProperties": {
                                        "source": {
                                            "type": "DelimitedTextSource",
                                            "storeSettings": {
                                                "type": "AzureBlobStorageReadSettings",
                                                "recursive": true,
                                                "enablePartitionDiscovery": false
                                            },
                                            "formatSettings": {
                                                "type": "DelimitedTextReadSettings"
                                            }
                                        },
                                        "sink": {
                                            "type": "DelimitedTextSink",
                                            "storeSettings": {
                                                "type": "AzureBlobFSWriteSettings"
                                            },
                                            "formatSettings": {
                                                "type": "DelimitedTextWriteSettings",
                                                "quoteAllText": true,
                                                "fileExtension": ".txt"
                                            }
                                        },
                                        "enableStaging": false,
                                        "translator": {
                                            "type": "TabularTranslator",
                                            "typeConversion": true,
                                            "typeConversionSettings": {
                                                "allowDataTruncation": true,
                                                "treatBooleanAsNumber": false
                                            }
                                        }
                                    },
                                    "inputs": [
                                        {
                                            "referenceName": "ds_population_raw_gz",
                                            "type": "DatasetReference",
                                            "parameters": {}
                                        }
                                    ],
                                    "outputs": [
                                        {
                                            "referenceName": "ds_population_raw_tsv",
                                            "type": "DatasetReference",
                                            "parameters": {}
                                        }
                                    ]
                                },
                                {
                                    "name": "Deletesource file",
                                    "type": "Delete",
                                    "dependsOn": [
                                        {
                                            "activity": "Copy population data_copy1",
                                            "dependencyConditions": [
                                                "Succeeded"
                                            ]
                                        }
                                    ],
                                    "policy": {
                                        "timeout": "0.12:00:00",
                                        "retry": 0,
                                        "retryIntervalInSeconds": 30,
                                        "secureOutput": false,
                                        "secureInput": false
                                    },
                                    "userProperties": [],
                                    "typeProperties": {
                                        "dataset": {
                                            "referenceName": "ds_population_raw_gz",
                                            "type": "DatasetReference",
                                            "parameters": {}
                                        },
                                        "enableLogging": false,
                                        "storeSettings": {
                                            "type": "AzureBlobStorageReadSettings",
                                            "recursive": true,
                                            "enablePartitionDiscovery": false
                                        }
                                    }
                                }
                            ]
                        }
                    }
                ],
                "policy": {
                    "elapsedTimeMetric": {}
                },
                "annotations": [],
                "lastPublishTime": "2023-11-19T09:21:49Z"
            },
            "dependsOn": [
                "[concat(variables('factoryId'), '/datasets/ds_population_raw_gz')]",
                "[concat(variables('factoryId'), '/datasets/ds_population_raw_tsv')]"
            ]
        },
        {
            "name": "[concat(parameters('factoryName'), '/pl_processed_cases_deaths')]",
            "type": "Microsoft.DataFactory/factories/pipelines",
            "apiVersion": "2018-06-01",
            "properties": {
                "activities": [
                    {
                        "name": "df_transform_cases_deaths",
                        "type": "ExecuteDataFlow",
                        "dependsOn": [],
                        "policy": {
                            "timeout": "0.12:00:00",
                            "retry": 0,
                            "retryIntervalInSeconds": 30,
                            "secureOutput": false,
                            "secureInput": false
                        },
                        "userProperties": [],
                        "typeProperties": {
                            "dataflow": {
                                "referenceName": "df_transform_cases_deaths",
                                "type": "DataFlowReference",
                                "parameters": {},
                                "datasetParameters": {
                                    "CasesDeathsSource": {},
                                    "CountryLookup": {},
                                    "CasesDeathsSink": {}
                                }
                            },
                            "staging": {},
                            "compute": {
                                "coreCount": 8,
                                "computeType": "General"
                            },
                            "traceLevel": "Fine"
                        }
                    }
                ],
                "policy": {
                    "elapsedTimeMetric": {}
                },
                "annotations": [],
                "lastPublishTime": "2023-11-20T03:52:33Z"
            },
            "dependsOn": [
                "[concat(variables('factoryId'), '/dataflows/df_transform_cases_deaths')]"
            ]
        },
        {
            "name": "[concat(parameters('factoryName'), '/pl_processed_hospital_admissions_data')]",
            "type": "Microsoft.DataFactory/factories/pipelines",
            "apiVersion": "2018-06-01",
            "properties": {
                "activities": [
                    {
                        "name": "df_Hospital_admissions",
                        "type": "ExecuteDataFlow",
                        "dependsOn": [],
                        "policy": {
                            "timeout": "0.12:00:00",
                            "retry": 0,
                            "retryIntervalInSeconds": 30,
                            "secureOutput": false,
                            "secureInput": false
                        },
                        "userProperties": [],
                        "typeProperties": {
                            "dataflow": {
                                "referenceName": "df_Hospital_admissions",
                                "type": "DataFlowReference",
                                "parameters": {},
                                "datasetParameters": {
                                    "HospitalAdmissionsData": {},
                                    "countrySource": {},
                                    "lookupForDimdate": {},
                                    "sinkWeeklyData": {},
                                    "sinkDailyHospitalAdmisData": {}
                                }
                            },
                            "staging": {},
                            "compute": {
                                "coreCount": 8,
                                "computeType": "General"
                            },
                            "traceLevel": "Fine"
                        }
                    }
                ],
                "policy": {
                    "elapsedTimeMetric": {}
                },
                "annotations": [],
                "lastPublishTime": "2023-11-20T08:52:09Z"
            },
            "dependsOn": [
                "[concat(variables('factoryId'), '/dataflows/df_Hospital_admissions')]"
            ]
        },
        {
            "name": "[concat(parameters('factoryName'), '/Processed_cases_deaths')]",
            "type": "Microsoft.DataFactory/factories/datasets",
            "apiVersion": "2018-06-01",
            "properties": {
                "linkedServiceName": {
                    "referenceName": "ls_csv_to_dl",
                    "type": "LinkedServiceReference"
                },
                "annotations": [],
                "type": "DelimitedText",
                "typeProperties": {
                    "location": {
                        "type": "AzureBlobFSLocation",
                        "folderPath": "ECDC/cases_deaths",
                        "fileSystem": "processed"
                    },
                    "columnDelimiter": ",",
                    "escapeChar": "\\",
                    "firstRowAsHeader": true,
                    "quoteChar": "\""
                },
                "schema": []
            },
            "dependsOn": [
                "[concat(variables('factoryId'), '/linkedServices/ls_csv_to_dl')]"
            ]
        },
        {
            "name": "[concat(parameters('factoryName'), '/ds_DimDate_lookup')]",
            "type": "Microsoft.DataFactory/factories/datasets",
            "apiVersion": "2018-06-01",
            "properties": {
                "linkedServiceName": {
                    "referenceName": "ls_csv_to_dl",
                    "type": "LinkedServiceReference"
                },
                "annotations": [],
                "type": "DelimitedText",
                "typeProperties": {
                    "location": {
                        "type": "AzureBlobFSLocation",
                        "fileName": "dim_date.csv",
                        "folderPath": "dim_date",
                        "fileSystem": "lookup"
                    },
                    "columnDelimiter": ",",
                    "escapeChar": "\\",
                    "firstRowAsHeader": true,
                    "quoteChar": "\""
                },
                "schema": [
                    {
                        "name": "date_key",
                        "type": "String"
                    },
                    {
                        "name": "date",
                        "type": "String"
                    },
                    {
                        "name": "year",
                        "type": "String"
                    },
                    {
                        "name": "month",
                        "type": "String"
                    },
                    {
                        "name": "day",
                        "type": "String"
                    },
                    {
                        "name": "day_name",
                        "type": "String"
                    },
                    {
                        "name": "day_of_year",
                        "type": "String"
                    },
                    {
                        "name": "week_of_month",
                        "type": "String"
                    },
                    {
                        "name": "week_of_year",
                        "type": "String"
                    },
                    {
                        "name": "month_name",
                        "type": "String"
                    },
                    {
                        "name": "year_month",
                        "type": "String"
                    },
                    {
                        "name": "year_week",
                        "type": "String"
                    }
                ]
            },
            "dependsOn": [
                "[concat(variables('factoryId'), '/linkedServices/ls_csv_to_dl')]"
            ]
        },
        {
            "name": "[concat(parameters('factoryName'), '/ds_country_lookup')]",
            "type": "Microsoft.DataFactory/factories/datasets",
            "apiVersion": "2018-06-01",
            "properties": {
                "linkedServiceName": {
                    "referenceName": "ls_csv_to_dl",
                    "type": "LinkedServiceReference"
                },
                "annotations": [],
                "type": "DelimitedText",
                "typeProperties": {
                    "location": {
                        "type": "AzureBlobFSLocation",
                        "fileName": "country_lookup (1).csv",
                        "folderPath": "country_lookup",
                        "fileSystem": "lookup"
                    },
                    "columnDelimiter": ",",
                    "escapeChar": "\\",
                    "firstRowAsHeader": true,
                    "quoteChar": "\""
                },
                "schema": [
                    {
                        "name": "country",
                        "type": "String"
                    },
                    {
                        "name": "country_code_2_digit",
                        "type": "String"
                    },
                    {
                        "name": "country_code_3_digit",
                        "type": "String"
                    },
                    {
                        "name": "continent",
                        "type": "String"
                    },
                    {
                        "name": "population",
                        "type": "String"
                    }
                ]
            },
            "dependsOn": [
                "[concat(variables('factoryId'), '/linkedServices/ls_csv_to_dl')]"
            ]
        },
        {
            "name": "[concat(parameters('factoryName'), '/ds_country_lookup1')]",
            "type": "Microsoft.DataFactory/factories/datasets",
            "apiVersion": "2018-06-01",
            "properties": {
                "linkedServiceName": {
                    "referenceName": "ls_csv_to_dl",
                    "type": "LinkedServiceReference"
                },
                "annotations": [],
                "type": "DelimitedText",
                "typeProperties": {
                    "location": {
                        "type": "AzureBlobFSLocation",
                        "fileName": "country_lookup (1).csv",
                        "folderPath": "country_lookup",
                        "fileSystem": "lookup"
                    },
                    "columnDelimiter": ",",
                    "escapeChar": "\\",
                    "firstRowAsHeader": true,
                    "quoteChar": "\""
                },
                "schema": [
                    {
                        "name": "country",
                        "type": "String"
                    },
                    {
                        "name": "country_code_2_digit",
                        "type": "String"
                    },
                    {
                        "name": "country_code_3_digit",
                        "type": "String"
                    },
                    {
                        "name": "continent",
                        "type": "String"
                    },
                    {
                        "name": "population",
                        "type": "String"
                    }
                ]
            },
            "dependsOn": [
                "[concat(variables('factoryId'), '/linkedServices/ls_csv_to_dl')]"
            ]
        },
        {
            "name": "[concat(parameters('factoryName'), '/ds_ecdc_file_list')]",
            "type": "Microsoft.DataFactory/factories/datasets",
            "apiVersion": "2018-06-01",
            "properties": {
                "linkedServiceName": {
                    "referenceName": "ls_ecdc_file_list",
                    "type": "LinkedServiceReference"
                },
                "annotations": [],
                "type": "Json",
                "typeProperties": {
                    "location": {
                        "type": "AzureBlobStorageLocation",
                        "fileName": "ecdc_file_list - Copy.json",
                        "container": "configs"
                    }
                },
                "schema": {
                    "type": "object",
                    "properties": {
                        "sourceRelativeURL": {
                            "type": "string"
                        },
                        "sinkFileName": {
                            "type": "string"
                        }
                    }
                }
            },
            "dependsOn": [
                "[concat(variables('factoryId'), '/linkedServices/ls_ecdc_file_list')]"
            ]
        },
        {
            "name": "[concat(parameters('factoryName'), '/ds_ecdc_raw_csv_dl')]",
            "type": "Microsoft.DataFactory/factories/datasets",
            "apiVersion": "2018-06-01",
            "properties": {
                "linkedServiceName": {
                    "referenceName": "ds_ecdc_raw_csv_dl",
                    "type": "LinkedServiceReference"
                },
                "parameters": {
                    "sinkfilename": {
                        "type": "string"
                    }
                },
                "annotations": [],
                "type": "DelimitedText",
                "typeProperties": {
                    "location": {
                        "type": "AzureBlobFSLocation",
                        "fileName": {
                            "value": "@dataset().sinkfilename",
                            "type": "Expression"
                        },
                        "folderPath": "ecdc",
                        "fileSystem": "raw"
                    },
                    "columnDelimiter": ",",
                    "escapeChar": "\\",
                    "firstRowAsHeader": true,
                    "quoteChar": "\""
                },
                "schema": []
            },
            "dependsOn": [
                "[concat(variables('factoryId'), '/linkedServices/ds_ecdc_raw_csv_dl')]"
            ]
        },
        {
            "name": "[concat(parameters('factoryName'), '/ds_ecdc_raw_csv_http')]",
            "type": "Microsoft.DataFactory/factories/datasets",
            "apiVersion": "2018-06-01",
            "properties": {
                "linkedServiceName": {
                    "referenceName": "ls_ecdc_raw_csv_http",
                    "type": "LinkedServiceReference"
                },
                "parameters": {
                    "sourcerelativeURL": {
                        "type": "string"
                    },
                    "sourcebaseURL": {
                        "type": "string"
                    }
                },
                "annotations": [],
                "type": "DelimitedText",
                "typeProperties": {
                    "location": {
                        "type": "HttpServerLocation",
                        "relativeUrl": {
                            "value": "@dataset().sourcerelativeURL",
                            "type": "Expression"
                        }
                    },
                    "columnDelimiter": ",",
                    "escapeChar": "\\",
                    "firstRowAsHeader": true,
                    "quoteChar": "\""
                },
                "schema": []
            },
            "dependsOn": [
                "[concat(variables('factoryId'), '/linkedServices/ls_ecdc_raw_csv_http')]"
            ]
        },
        {
            "name": "[concat(parameters('factoryName'), '/ds_hospital_admissions')]",
            "type": "Microsoft.DataFactory/factories/datasets",
            "apiVersion": "2018-06-01",
            "properties": {
                "linkedServiceName": {
                    "referenceName": "ls_csv_to_dl",
                    "type": "LinkedServiceReference"
                },
                "annotations": [],
                "type": "DelimitedText",
                "typeProperties": {
                    "location": {
                        "type": "AzureBlobFSLocation",
                        "fileName": "hospital_admissions.csv",
                        "folderPath": "ecdc/hospital_admissions",
                        "fileSystem": "raw"
                    },
                    "columnDelimiter": ",",
                    "escapeChar": "\\",
                    "firstRowAsHeader": true,
                    "quoteChar": "\""
                },
                "schema": [
                    {
                        "name": "country",
                        "type": "String"
                    },
                    {
                        "name": "indicator",
                        "type": "String"
                    },
                    {
                        "name": "date",
                        "type": "String"
                    },
                    {
                        "name": "year_week",
                        "type": "String"
                    },
                    {
                        "name": "value",
                        "type": "String"
                    },
                    {
                        "name": "source",
                        "type": "String"
                    },
                    {
                        "name": "url",
                        "type": "String"
                    }
                ]
            },
            "dependsOn": [
                "[concat(variables('factoryId'), '/linkedServices/ls_csv_to_dl')]"
            ]
        },
        {
            "name": "[concat(parameters('factoryName'), '/ds_population_raw_gz')]",
            "type": "Microsoft.DataFactory/factories/datasets",
            "apiVersion": "2018-06-01",
            "properties": {
                "linkedServiceName": {
                    "referenceName": "ls_population_raw_gz_sa",
                    "type": "LinkedServiceReference"
                },
                "annotations": [],
                "type": "DelimitedText",
                "typeProperties": {
                    "location": {
                        "type": "AzureBlobStorageLocation",
                        "fileName": "population_by_age.tsv.gz",
                        "container": "population"
                    },
                    "columnDelimiter": "\t",
                    "compressionCodec": "gzip",
                    "compressionLevel": "Optimal",
                    "escapeChar": "\\",
                    "firstRowAsHeader": true,
                    "quoteChar": "\""
                },
                "schema": []
            },
            "dependsOn": [
                "[concat(variables('factoryId'), '/linkedServices/ls_population_raw_gz_sa')]"
            ]
        },
        {
            "name": "[concat(parameters('factoryName'), '/ds_population_raw_tsv')]",
            "type": "Microsoft.DataFactory/factories/datasets",
            "apiVersion": "2018-06-01",
            "properties": {
                "linkedServiceName": {
                    "referenceName": "ds_population_raw_tsv_dl",
                    "type": "LinkedServiceReference"
                },
                "annotations": [],
                "type": "DelimitedText",
                "typeProperties": {
                    "location": {
                        "type": "AzureBlobFSLocation",
                        "fileName": "population_by_age_tsv",
                        "fileSystem": "raw"
                    },
                    "columnDelimiter": "\t",
                    "escapeChar": "\\",
                    "firstRowAsHeader": true,
                    "quoteChar": "\""
                },
                "schema": []
            },
            "dependsOn": [
                "[concat(variables('factoryId'), '/linkedServices/ds_population_raw_tsv_dl')]"
            ]
        },
        {
            "name": "[concat(parameters('factoryName'), '/ds_processed_admissions_daily_sink')]",
            "type": "Microsoft.DataFactory/factories/datasets",
            "apiVersion": "2018-06-01",
            "properties": {
                "linkedServiceName": {
                    "referenceName": "ls_csv_to_dl",
                    "type": "LinkedServiceReference"
                },
                "annotations": [],
                "type": "DelimitedText",
                "typeProperties": {
                    "location": {
                        "type": "AzureBlobFSLocation",
                        "folderPath": "ECDC/hospital_admissions_dat_daily",
                        "fileSystem": "processed"
                    },
                    "columnDelimiter": ",",
                    "escapeChar": "\\",
                    "firstRowAsHeader": true,
                    "quoteChar": "\""
                },
                "schema": []
            },
            "dependsOn": [
                "[concat(variables('factoryId'), '/linkedServices/ls_csv_to_dl')]"
            ]
        },
        {
            "name": "[concat(parameters('factoryName'), '/ds_processed_admissions_weekly_sink')]",
            "type": "Microsoft.DataFactory/factories/datasets",
            "apiVersion": "2018-06-01",
            "properties": {
                "linkedServiceName": {
                    "referenceName": "ls_csv_to_dl",
                    "type": "LinkedServiceReference"
                },
                "annotations": [],
                "type": "DelimitedText",
                "typeProperties": {
                    "location": {
                        "type": "AzureBlobFSLocation",
                        "folderPath": "ECDC/hospital_admissions_weekly",
                        "fileSystem": "processed"
                    },
                    "columnDelimiter": ",",
                    "escapeChar": "\\",
                    "firstRowAsHeader": true,
                    "quoteChar": "\""
                },
                "schema": []
            },
            "dependsOn": [
                "[concat(variables('factoryId'), '/linkedServices/ls_csv_to_dl')]"
            ]
        },
        {
            "name": "[concat(parameters('factoryName'), '/ds_raw_cases_deaths')]",
            "type": "Microsoft.DataFactory/factories/datasets",
            "apiVersion": "2018-06-01",
            "properties": {
                "linkedServiceName": {
                    "referenceName": "ls_csv_to_dl",
                    "type": "LinkedServiceReference"
                },
                "annotations": [],
                "type": "DelimitedText",
                "typeProperties": {
                    "location": {
                        "type": "AzureBlobFSLocation",
                        "fileName": "cases_deaths.csv",
                        "folderPath": "ecdc/cases_deaths",
                        "fileSystem": "raw"
                    },
                    "columnDelimiter": ",",
                    "escapeChar": "\\",
                    "firstRowAsHeader": true,
                    "quoteChar": "\""
                },
                "schema": [
                    {
                        "name": "country",
                        "type": "String"
                    },
                    {
                        "name": "country_code",
                        "type": "String"
                    },
                    {
                        "name": "continent",
                        "type": "String"
                    },
                    {
                        "name": "population",
                        "type": "String"
                    },
                    {
                        "name": "indicator",
                        "type": "String"
                    },
                    {
                        "name": "daily_count",
                        "type": "String"
                    },
                    {
                        "name": "date",
                        "type": "String"
                    },
                    {
                        "name": "rate_14_day",
                        "type": "String"
                    },
                    {
                        "name": "source",
                        "type": "String"
                    }
                ]
            },
            "dependsOn": [
                "[concat(variables('factoryId'), '/linkedServices/ls_csv_to_dl')]"
            ]
        },
        {
            "name": "[concat(parameters('factoryName'), '/ds_ecdc_raw_csv_dl')]",
            "type": "Microsoft.DataFactory/factories/linkedServices",
            "apiVersion": "2018-06-01",
            "properties": {
                "annotations": [],
                "type": "AzureBlobFS",
                "typeProperties": {
                    "url": "[parameters('ds_ecdc_raw_csv_dl_properties_typeProperties_url')]",
                    "accountKey": {
                        "type": "SecureString",
                        "value": "[parameters('ds_ecdc_raw_csv_dl_accountKey')]"
                    }
                }
            },
            "dependsOn": []
        },
        {
            "name": "[concat(parameters('factoryName'), '/ds_population_raw_tsv_dl')]",
            "type": "Microsoft.DataFactory/factories/linkedServices",
            "apiVersion": "2018-06-01",
            "properties": {
                "annotations": [],
                "type": "AzureBlobFS",
                "typeProperties": {
                    "url": "[parameters('ds_population_raw_tsv_dl_properties_typeProperties_url')]",
                    "accountKey": {
                        "type": "SecureString",
                        "value": "[parameters('ds_population_raw_tsv_dl_accountKey')]"
                    }
                }
            },
            "dependsOn": []
        },
        {
            "name": "[concat(parameters('factoryName'), '/ls_csv_to_dl')]",
            "type": "Microsoft.DataFactory/factories/linkedServices",
            "apiVersion": "2018-06-01",
            "properties": {
                "annotations": [],
                "type": "AzureBlobFS",
                "typeProperties": {
                    "url": "[parameters('ls_csv_to_dl_properties_typeProperties_url')]",
                    "accountKey": {
                        "type": "SecureString",
                        "value": "[parameters('ls_csv_to_dl_accountKey')]"
                    }
                }
            },
            "dependsOn": []
        },
        {
            "name": "[concat(parameters('factoryName'), '/ls_ecdc_file_list')]",
            "type": "Microsoft.DataFactory/factories/linkedServices",
            "apiVersion": "2018-06-01",
            "properties": {
                "annotations": [],
                "type": "AzureBlobStorage",
                "typeProperties": {
                    "connectionString": "[parameters('ls_ecdc_file_list_connectionString')]"
                }
            },
            "dependsOn": []
        },
        {
            "name": "[concat(parameters('factoryName'), '/ls_ecdc_raw_csv_http')]",
            "type": "Microsoft.DataFactory/factories/linkedServices",
            "apiVersion": "2018-06-01",
            "properties": {
                "annotations": [],
                "type": "HttpServer",
                "typeProperties": {
                    "url": "[parameters('ls_ecdc_raw_csv_http_properties_typeProperties_url')]",
                    "enableServerCertificateValidation": true,
                    "authenticationType": "Basic",
                    "userName": "[parameters('ls_ecdc_raw_csv_http_properties_typeProperties_userName')]",
                    "password": {
                        "type": "SecureString",
                        "value": "[parameters('ls_ecdc_raw_csv_http_password')]"
                    }
                }
            },
            "dependsOn": []
        },
        {
            "name": "[concat(parameters('factoryName'), '/ls_population_raw_gz_sa')]",
            "type": "Microsoft.DataFactory/factories/linkedServices",
            "apiVersion": "2018-06-01",
            "properties": {
                "annotations": [],
                "type": "AzureBlobStorage",
                "typeProperties": {
                    "connectionString": "[parameters('ls_population_raw_gz_sa_connectionString')]"
                }
            },
            "dependsOn": []
        },
        {
            "name": "[concat(parameters('factoryName'), '/df_Hospital_admissions')]",
            "type": "Microsoft.DataFactory/factories/dataflows",
            "apiVersion": "2018-06-01",
            "properties": {
                "type": "MappingDataFlow",
                "typeProperties": {
                    "sources": [
                        {
                            "dataset": {
                                "referenceName": "ds_hospital_admissions",
                                "type": "DatasetReference"
                            },
                            "name": "HospitalAdmissionsData"
                        },
                        {
                            "dataset": {
                                "referenceName": "ds_country_lookup1",
                                "type": "DatasetReference"
                            },
                            "name": "countrySource"
                        },
                        {
                            "dataset": {
                                "referenceName": "ds_DimDate_lookup",
                                "type": "DatasetReference"
                            },
                            "name": "lookupForDimdate"
                        }
                    ],
                    "sinks": [
                        {
                            "dataset": {
                                "referenceName": "ds_processed_admissions_weekly_sink",
                                "type": "DatasetReference"
                            },
                            "name": "sinkWeeklyData",
                            "rejectedDataLinkedService": {
                                "referenceName": "ls_csv_to_dl",
                                "type": "LinkedServiceReference"
                            }
                        },
                        {
                            "dataset": {
                                "referenceName": "ds_processed_admissions_daily_sink",
                                "type": "DatasetReference"
                            },
                            "name": "sinkDailyHospitalAdmisData"
                        }
                    ],
                    "transformations": [
                        {
                            "name": "RemoveUnwantedColumns"
                        },
                        {
                            "name": "lookupOutput"
                        },
                        {
                            "name": "RemoveReapeatedColumns"
                        },
                        {
                            "name": "WeeklyToDailySplit"
                        },
                        {
                            "name": "deriveYearWeekColumn"
                        },
                        {
                            "name": "aggWeekly"
                        },
                        {
                            "name": "joinWithDimDate"
                        },
                        {
                            "name": "pivotWeekly"
                        },
                        {
                            "name": "pivotDaily"
                        },
                        {
                            "name": "sortWeekly"
                        },
                        {
                            "name": "sortDaily"
                        },
                        {
                            "name": "selectColumnsForWeekly"
                        },
                        {
                            "name": "selectColumnForDaily"
                        }
                    ],
                    "scriptLines": [
                        "source(output(",
                        "          country as string,",
                        "          indicator as string,",
                        "          date as date,",
                        "          year_week as string,",
                        "          value as double,",
                        "          source as string,",
                        "          url as string",
                        "     ),",
                        "     allowSchemaDrift: true,",
                        "     validateSchema: false,",
                        "     ignoreNoFilesFound: false) ~> HospitalAdmissionsData",
                        "source(output(",
                        "          country as string,",
                        "          country_code_2_digit as string,",
                        "          country_code_3_digit as string,",
                        "          continent as string,",
                        "          population as string",
                        "     ),",
                        "     allowSchemaDrift: true,",
                        "     validateSchema: false,",
                        "     ignoreNoFilesFound: false) ~> countrySource",
                        "source(output(",
                        "          date_key as string,",
                        "          date as date,",
                        "          year as string,",
                        "          month as string,",
                        "          day as string,",
                        "          day_name as string,",
                        "          day_of_year as string,",
                        "          week_of_month as string,",
                        "          week_of_year as string,",
                        "          month_name as string,",
                        "          year_month as string,",
                        "          year_week as string",
                        "     ),",
                        "     allowSchemaDrift: true,",
                        "     validateSchema: false,",
                        "     ignoreNoFilesFound: false) ~> lookupForDimdate",
                        "HospitalAdmissionsData select(mapColumn(",
                        "          country,",
                        "          indicator,",
                        "          reported_date = date,",
                        "          reported_year_week = year_week,",
                        "          value,",
                        "          source",
                        "     ),",
                        "     skipDuplicateMapInputs: true,",
                        "     skipDuplicateMapOutputs: true) ~> RemoveUnwantedColumns",
                        "RemoveUnwantedColumns, countrySource lookup(RemoveUnwantedColumns@country == countrySource@country,",
                        "     multiple: false,",
                        "     pickup: 'any',",
                        "     broadcast: 'auto')~> lookupOutput",
                        "lookupOutput select(mapColumn(",
                        "          country = RemoveUnwantedColumns@country,",
                        "          country_code_3_digit,",
                        "          country_code_2_digit,",
                        "          indicator,",
                        "          value,",
                        "          reported_date,",
                        "          reported_year_week,",
                        "          population,",
                        "          source",
                        "     ),",
                        "     skipDuplicateMapInputs: true,",
                        "     skipDuplicateMapOutputs: true) ~> RemoveReapeatedColumns",
                        "RemoveReapeatedColumns split(indicator=='Weekly new hospital admissions per 100k' || indicator=='Weekly new ICU admissions per 100k',",
                        "     disjoint: false) ~> WeeklyToDailySplit@(Weekly, Daily)",
                        "lookupForDimdate derive(ecdc_year_week = year + '-W' + lpad(week_of_year, 2, '0')) ~> deriveYearWeekColumn",
                        "deriveYearWeekColumn aggregate(groupBy(ecdc_year_week),",
                        "     start_of_week = min(date),",
                        "          send_of_week = max(date)) ~> aggWeekly",
                        "WeeklyToDailySplit@Weekly, aggWeekly join(reported_year_week == ecdc_year_week,",
                        "     joinType:'inner',",
                        "     matchType:'exact',",
                        "     ignoreSpaces: false,",
                        "     broadcast: 'auto')~> joinWithDimDate",
                        "joinWithDimDate pivot(groupBy(country,",
                        "          country_code_3_digit,",
                        "          country_code_2_digit,",
                        "          population,",
                        "          source,",
                        "          reported_year_week,",
                        "          start_of_week,",
                        "          send_of_week),",
                        "     pivotBy(indicator, ['Weekly new hospital admissions per 100k', 'Weekly new  ICU admissions per 100k']),",
                        "     ount = sum(value),",
                        "     columnNaming: '$V_$N',",
                        "     lateral: true) ~> pivotWeekly",
                        "WeeklyToDailySplit@Daily pivot(groupBy(country,",
                        "          country_code_3_digit,",
                        "          country_code_2_digit,",
                        "          population,",
                        "          reported_date,",
                        "          source),",
                        "     pivotBy(indicator, ['Daily hospital occupancy', 'Daily ICU occupancy']),",
                        "     count = sum(value),",
                        "     columnNaming: '$V_$N',",
                        "     lateral: true) ~> pivotDaily",
                        "pivotWeekly sort(asc(country, true),",
                        "     desc(reported_year_week, true)) ~> sortWeekly",
                        "pivotDaily sort(asc(country, true),",
                        "     desc(reported_date, true),",
                        "     partitionBy('hash', 1)) ~> sortDaily",
                        "sortWeekly select(mapColumn(",
                        "          country,",
                        "          country_code_2_digit,",
                        "          country_code_3_digit,",
                        "          population,",
                        "          reported_year_week,",
                        "          start_of_week,",
                        "          end_of_week = send_of_week,",
                        "          {new hospital admissions per 100k_ount} = {Weekly new hospital admissions per 100k_ount},",
                        "          {new  ICU admissions per 100k_ount} = {Weekly new  ICU admissions per 100k_ount},",
                        "          source",
                        "     ),",
                        "     partitionBy('hash', 1),",
                        "     skipDuplicateMapInputs: true,",
                        "     skipDuplicateMapOutputs: true) ~> selectColumnsForWeekly",
                        "sortDaily select(mapColumn(",
                        "          country,",
                        "          country_code_2_digit,",
                        "          country_code_3_digit,",
                        "          population,",
                        "          reported_date,",
                        "          {hospital occupancy_count} = {Daily hospital occupancy_count},",
                        "          {ICU occupancy_count} = {Daily ICU occupancy_count},",
                        "          source",
                        "     ),",
                        "     partitionBy('hash', 1),",
                        "     skipDuplicateMapInputs: true,",
                        "     skipDuplicateMapOutputs: true) ~> selectColumnForDaily",
                        "selectColumnsForWeekly sink(allowSchemaDrift: true,",
                        "     validateSchema: false,",
                        "     truncate: true,",
                        "     umask: 0022,",
                        "     preCommands: [],",
                        "     postCommands: [],",
                        "     skipDuplicateMapInputs: true,",
                        "     skipDuplicateMapOutputs: true,",
                        "     partitionBy('hash', 1)) ~> sinkWeeklyData",
                        "selectColumnForDaily sink(allowSchemaDrift: true,",
                        "     validateSchema: false,",
                        "     truncate: true,",
                        "     umask: 0022,",
                        "     preCommands: [],",
                        "     postCommands: [],",
                        "     skipDuplicateMapInputs: true,",
                        "     skipDuplicateMapOutputs: true,",
                        "     partitionBy('hash', 1)) ~> sinkDailyHospitalAdmisData"
                    ]
                }
            },
            "dependsOn": [
                "[concat(variables('factoryId'), '/datasets/ds_hospital_admissions')]",
                "[concat(variables('factoryId'), '/datasets/ds_country_lookup1')]",
                "[concat(variables('factoryId'), '/datasets/ds_DimDate_lookup')]",
                "[concat(variables('factoryId'), '/datasets/ds_processed_admissions_weekly_sink')]",
                "[concat(variables('factoryId'), '/linkedServices/ls_csv_to_dl')]",
                "[concat(variables('factoryId'), '/datasets/ds_processed_admissions_daily_sink')]"
            ]
        },
        {
            "name": "[concat(parameters('factoryName'), '/df_transform_cases_deaths')]",
            "type": "Microsoft.DataFactory/factories/dataflows",
            "apiVersion": "2018-06-01",
            "properties": {
                "type": "MappingDataFlow",
                "typeProperties": {
                    "sources": [
                        {
                            "dataset": {
                                "referenceName": "ds_raw_cases_deaths",
                                "type": "DatasetReference"
                            },
                            "name": "CasesDeathsSource"
                        },
                        {
                            "dataset": {
                                "referenceName": "ds_country_lookup",
                                "type": "DatasetReference"
                            },
                            "name": "CountryLookup"
                        }
                    ],
                    "sinks": [
                        {
                            "dataset": {
                                "referenceName": "Processed_cases_deaths",
                                "type": "DatasetReference"
                            },
                            "name": "CasesDeathsSink"
                        }
                    ],
                    "transformations": [
                        {
                            "name": "filterEuropeOnly"
                        },
                        {
                            "name": "selectOnlyReqFields"
                        },
                        {
                            "name": "pivotCounts"
                        },
                        {
                            "name": "lookCountry"
                        },
                        {
                            "name": "selectforSink"
                        }
                    ],
                    "scriptLines": [
                        "source(output(",
                        "          country as string,",
                        "          country_code as string,",
                        "          continent as string,",
                        "          population as integer,",
                        "          indicator as string,",
                        "          daily_count as integer,",
                        "          date as date,",
                        "          rate_14_day as double,",
                        "          source as string",
                        "     ),",
                        "     allowSchemaDrift: true,",
                        "     validateSchema: false,",
                        "     ignoreNoFilesFound: false) ~> CasesDeathsSource",
                        "source(output(",
                        "          country as string,",
                        "          country_code_2_digit as string,",
                        "          country_code_3_digit as string,",
                        "          continent as string,",
                        "          population as integer",
                        "     ),",
                        "     allowSchemaDrift: true,",
                        "     validateSchema: false,",
                        "     ignoreNoFilesFound: false) ~> CountryLookup",
                        "CasesDeathsSource filter(continent == 'Europe' && not(isNull(country_code))) ~> filterEuropeOnly",
                        "filterEuropeOnly select(mapColumn(",
                        "          country,",
                        "          country_code,",
                        "          population,",
                        "          indicator,",
                        "          daily_count,",
                        "          reported_date = date,",
                        "          source",
                        "     ),",
                        "     skipDuplicateMapInputs: false,",
                        "     skipDuplicateMapOutputs: false) ~> selectOnlyReqFields",
                        "selectOnlyReqFields pivot(groupBy(country,",
                        "          country_code,",
                        "          population,",
                        "          source,",
                        "          reported_date),",
                        "     pivotBy(indicator, ['confirmed cases', 'deaths']),",
                        "     count = sum(daily_count),",
                        "     columnNaming: '$V_$N',",
                        "     lateral: true) ~> pivotCounts",
                        "pivotCounts, CountryLookup lookup(pivotCounts@country == CountryLookup@country,",
                        "     multiple: false,",
                        "     pickup: 'any',",
                        "     broadcast: 'auto')~> lookCountry",
                        "lookCountry select(mapColumn(",
                        "          country = pivotCounts@country,",
                        "          country_code_2_digit,",
                        "          country_code_3_digit,",
                        "          population = pivotCounts@population,",
                        "          {confirmed cases_count},",
                        "          deaths_count,",
                        "          reported_date,",
                        "          source",
                        "     ),",
                        "     skipDuplicateMapInputs: true,",
                        "     skipDuplicateMapOutputs: true) ~> selectforSink",
                        "selectforSink sink(allowSchemaDrift: true,",
                        "     validateSchema: false,",
                        "     partitionFileNames:['Cases_deaths_file'],",
                        "     truncate: true,",
                        "     umask: 0022,",
                        "     preCommands: [],",
                        "     postCommands: [],",
                        "     skipDuplicateMapInputs: true,",
                        "     skipDuplicateMapOutputs: true,",
                        "     partitionBy('hash', 1)) ~> CasesDeathsSink"
                    ]
                }
            },
            "dependsOn": [
                "[concat(variables('factoryId'), '/datasets/ds_raw_cases_deaths')]",
                "[concat(variables('factoryId'), '/datasets/ds_country_lookup')]",
                "[concat(variables('factoryId'), '/datasets/Processed_cases_deaths')]"
            ]
        }
    ]
}